"번호","개방서비스명","개방서비스아이디","개방자치단체코드","관리번호","인허가일자","인허가취소일자","영업상태구분코드","영업상태명","상세영업상태코드","상세영업상태명","폐업일자","휴업시작일자","휴업종료일자","재개업일자","소재지전화","소재지면적","소재지우편번호","소재지전체주소","도로명전체주소","도로명우편번호","사업장명","최종수정시점","데이터갱신구분","데이터갱신일자","업태구분명","좌표정보(x)","좌표정보(y)","문화체육업종명","문화사업자구분명","지역구분명","총층수","주변환경명","제작취급품목내용","보험기관명","건물용도명","지상층수","지하층수","객실수","건축연면적","영문상호명","영문상호주소","선박총톤수","선박척수","선박제원","무대면적","좌석수","기념품종류","회의실별동시수용인원","시설면적","놀이기구수내역","놀이시설수","방송시설유무","발전시설유무","의무실유무","안내소유무","기획여행보험시작일자","기획여행보험종료일자","자본금","보험시작일자","보험종료일자","부대시설내역","시설규모",
"1","종합유원시설업","03_07_12_P","3480000","CDFI5271002005000001","2005-07-22","","02","휴업","02","휴업","","2024-03-04","2024-06-21","","053-608-5000","","711-861","대구광역시 달성군 가창면 냉천리 27-9","대구광역시 달성군 가창면 가창로 891","","주식회사 스파밸리","2024-03-13 10:22:09","U","2024-03-16 02:40:00","","347783.240396825","255360.475912095","허가유원시설업","유원시설업","자연녹지지역","5","기타","","","근린생활시설","4","1","0","0","","","0","0","","0","0","","0","0","11종(안전성검사 대상 유기기구)","0","Y","N","N","Y","","","0","","","","0",
"2","종합유원시설업","03_07_12_P","5090000","CDFI5271002008000001","2008-07-18","","02","휴업","02","휴업","","","","","054-630-5500","","750-090","경상북도 영주시 아지동 산 6번지","경상북도 영주시 회헌로 434 (아지동)","750-090","판타시온 리조트","2018-07-19 17:36:57","I","2018-08-31 23:59:59","","342964.724453392","375115.313189474","허가유원시설업","유원시설업","","","","","","","","","","","","","","","","","","","","","17종(안전성검사대상)","","Y","Y","Y","Y","","","","","","","",
"3","종합유원시설업","03_07_12_P","3820000","CDFI5271002018000001","2018-06-20","","02","휴업","02","휴업","","2024-01-01","2024-06-30","","031-894-0357","","","경기도 의정부시 장암동 135 아일랜드캐슬 A동","경기도 의정부시 장곡로 22, 아일랜드캐슬 A동 (장암동)","11723","아일랜드캐슬","2023-12-14 11:05:17","U","2023-12-16 02:40:00","","204646.143926033","467147.126892372","허가유원시설업","","자연녹지지역","4","기타","","","기타","1","3","0","0","","","0","0","","0","0","","0","18934","17대","0","Y","Y","Y","Y","","","0","","","","18934",
"4","종합유원시설업","03_07_12_P","4281000","CDFI5271002008000001","2008-06-12","","02","휴업","02","휴업","","2024-04-23","2026-04-22","","033-330-6000","","","강원특별자치도 평창군 봉평면 면온리 1095-1 (주)휘닉스평창","강원특별자치도 평창군 봉평면 태기로 174 (주)휘닉스평창","25307","휘닉스 블루캐니언","2024-04-26 11:41:12","U","2024-04-28 02:40:00","","317177.713905004","454046.509523181","허가유원시설업","유원시설업","관리지역","0","기타","","","근린생활시설","2","2","0","0","","","0","0","","0","0","","0","0","","0","","","","","","","0","","","","0",
"5","종합유원시설업","03_07_12_P","5380000","CDFI5271001993000001","1993-04-30","","02","휴업","02","휴업","","2024-04-01","2024-09-30","","379-7125","","626-863","경상남도 양산시 하북면 순지리 470","경상남도 양산시 하북면 통도7길 68","50502","(주)동일리조트 통도환타지아","2024-03-26 17:03:39","U","2024-03-28 02:40:00","","388798.338309481","224082.745546103","허가유원시설업","유원시설업","","","기타","","","유기장","","","","","","","","","","","","","","","통도(일반) 안전성대상 22종, 안전성비대상 17종 26대/ 통도(아쿠아) 안전성대상 13종 17대","","Y","Y","Y","Y","","","","","","","",
"6","종합유원시설업","03_07_12_P","5380000","CDFI5271001993000002","1993-04-30","","02","휴업","02","휴업","","2024-04-01","2024-09-30","","055-370-3025","","626-863","경상남도 양산시 하북면 순지리 430","경상남도 양산시 하북면 지내마을길 26-1","","(주)동일리조트 통도환타지아","2024-04-02 09:27:15","U","2024-04-04 02:40:00","","388737.778487152","224257.619316234","허가유원시설업","","","0","","","","","0","0","0","0","","","0","0","","0","0","","0","0","46(검사대상33, 비대상13)-> 물놀이형16(검사대상16), 일반유기기구30(검사대상17, 비대상13)","0","","","","","","","0","","","","0",
"7","종합유원시설업","03_07_12_P","5350000","CDFI5271002014000001","2014-05-01","","02","휴업","02","휴업","","2024-04-13","2024-05-03","","055-900-0100","","621-260","경상남도 김해시 신문동 1417","경상남도 김해시 장유로 555 (신문동)","51011","롯데워터파크","2024-04-29 14:32:25","U","2024-05-01 02:40:00","","366507.960012272","188331.938239533","허가유원시설업","","일반상업지역","0","","","","","0","0","0","0","","","0","0","","0","0","","0","0","구내치료비로 1인당 1,000,000원 / 1사고당 5,000,000(배상책임이 없을 경우 보상한도)","25","Y","Y","Y","Y","","","0","","","","0",
"8","종합유원시설업","03_07_12_P","3060000","CDFI5271001987000001","1987-10-30","","02","휴업","02","휴업","","2012-09-28","2013-09-27","","0437-6058","","131-800","서울특별시 중랑구 망우동 산 69-1번지","","","용마공원놀이동산","2013-01-04 14:50:00","I","2018-08-31 23:59:59","","209252.941292347","454663.379263107","허가유원시설업","유원시설업","","","기타","","","","","","","","","","","","","","","","","","","","N","N","N","N","","","","","","","",
"9","종합유원시설업","03_07_12_P","4430000","CDFI5271002003000001","2003-04-21","","03","폐업","03","폐업","2010-12-31","","","","043-733-7833","","373-813","충청북도 옥천군 안내면 장계리 산 7-1번지","충청북도 옥천군 안내면 장계1길 57-1","373-811","(주)대청 비치랜드","2011-11-16 10:15:19","I","2018-08-31 23:59:59","","256975.701974384","319767.97944223","허가유원시설업","유원시설업","","","","","","","","","","","","","","","","","","","","","","","N","N","N","N","","","","","","","",
"10","종합유원시설업","03_07_12_P","4510000","CDFI5271002003000001","1993-07-27","","03","폐업","03","폐업","2021-06-08","","","","041-932-9860","","355-944","충청남도 보령시 신흑동 1438-1","충청남도 보령시 대해로 860 (신흑동)","33488","대천필랜드","2021-07-08 09:38:40","U","2021-07-10 02:40:00","","156821.141794093","312031.828025577","허가유원시설업","유원시설업","관리지역","2","기타","","","유기장","2","","","","","","","","","","","","","14395","14종33대(안전6종20대, 비안전8종13대)","","Y","Y","Y","Y","","","","","","","14395",
"11","종합유원시설업","03_07_12_P","3520000","CDFI5271001973000001","1973-07-11","","03","폐업","03","폐업","2012-04-27","","","","032-832-0011","","406-051","인천광역시 연수구 옥련동 504번지","","","(주)인천도시관광","2012-04-27 10:14:35","I","2018-08-31 23:59:59","","","","허가유원시설업","유원시설업","","","유흥업소밀집지역","","","","","","","","","","","","","","","","","","15종","","Y","Y","Y","Y","","","","","","","",
"12","종합유원시설업","03_07_12_P","3520000","CDFI5271002005000001","2005-04-29","","03","폐업","03","폐업","2005-06-20","","","","","","406-821","인천광역시 연수구 옥련동 194-51번지 외 1필지(194-53번지)","인천광역시 연수구 능허대로 76  (옥련동,외 1필지(194-53번지))","","유케이 펀페어스 리미티드 한국지점","2005-06-29 17:22:49","I","2018-08-31 23:59:59","","167971.91008188","435800.707628036","허가유원시설업","유원시설업","자연녹지지역","","","","","","","","","","","","","","","","","","","","안전성 30종30대, 비안전성 50종60대","","Y","Y","Y","Y","","","","","","","",
"13","종합유원시설업","03_07_12_P","4191000","CDFI5271001996000001","1996-04-27","","03","폐업","03","폐업","2015-10-28","","","","033)732-5800","","220-831","강원특별자치도 원주시 소초면 학곡리 223-3","강원특별자치도 원주시 소초면 구룡사로 47","26304","(주)드림랜드","2015-11-30 11:18:36","I","2023-06-13 00:00:00","","293994.091982093","437166.819596727","허가유원시설업","유원시설업","관리지역","2","기타","","","사무실","2","0","0","0","","","0","0","","0","0","","0","5950.61","16기종(휴업 6기종)","0","Y","Y","Y","Y","","","0","","","","5951",
"14","종합유원시설업","03_07_12_P","4291000","CDFI5271002003000001","2003-04-17","","03","폐업","03","폐업","2009-04-13","","","","","","233-901","강원특별자치도 정선군 사북읍 사북리 424","","","어드밴쳐팰리스","2009-04-20 14:34:18","I","2023-06-13 00:00:00","","361518.513221455","413851.267613498","허가유원시설업","유원시설업","","0","","","","문화시설","1","1","0","0","","","0","0","","0","0","","0","0","11종","0","Y","Y","Y","Y","","","0","","","","0",
"15","종합유원시설업","03_07_12_P","3380000","CDFI5271002004000001","2004-04-27","","03","폐업","03","폐업","2013-07-19","","","","758-0101","","613-827","부산광역시 수영구 민락동 110번지","부산광역시 수영구 광안해변로 361 (민락동)","","(주)미월드","2018-05-25 14:18:01","I","2018-08-31 23:59:59","","394235.105745946","186248.8856284","허가유원시설업","유원시설업","자연녹지지역","5","아파트지역","","","근린생활시설","3","2","","","","","","","","","","","","38983","대관람차,타뷰랑스,바이킹,다이빙코스터,스피닝코스터,자이로드롭,범퍼카,회전목마, 회전그네,급류타기,미니아스트로,미니바이킹","12","Y","Y","Y","Y","","","","","","","38983",
"16","종합유원시설업","03_07_12_P","5670000","CDFI5271001994200001","1994-09-30","","03","폐업","03","폐업","2011-06-13","","","","","","645-260","경상남도 창원시 진해구 태백동 72","","","진해파크랜드(주)","2011-06-14 10:54:43","I","2021-07-02 00:23:01","","350887.376987904","186830.986976893","허가유원시설업","유원시설업","","","","","","","","","","","","","","","","","","","","","","","N","N","N","N","","","","","","","",
"17","종합유원시설업","03_07_12_P","5670000","CDFI5271002013000003","2013-08-23","","03","폐업","03","폐업","2019-07-25","","","","545-7355","","645-260","경상남도 창원시 진해구 태백동 72","경상남도 창원시 진해구 여좌천로 206 (태백동)","645-260","썬비치 워터파크","2019-07-25 10:04:03","I","2021-07-02 00:23:01","","350887.376987904","186830.986976893","허가유원시설업","","녹지지역","","","","","근린생활시설","","","","","","","","","","","","","","","(파도풀,유수풀,수중 모험놀이,바디슬라이드,볼슬라이드,스피드슬라이드(3))","8","Y","Y","Y","Y","","","","","","","",
"18","종합유원시설업","03_07_12_P","5670000","CDFI5271002019000001","2019-09-03","","03","폐업","03","폐업","2024-02-14","","","","055-214-6000","","","경상남도 창원시 마산합포구 구산면 반동리 산 121-1","경상남도 창원시 마산합포구 구산면 로봇랜드로 250","51784","로봇랜드","2024-02-14 17:55:12","U","2024-02-16 02:40:00","","344743.524516434","176487.884974415","허가유원시설업","","관리지역","4","","","","","4","0","0","0","","","0","0","","0","0","","0","0","안전검사 대상 24종, 확인검사 대상 2종 5대","0","Y","Y","Y","Y","","","0","","","","0",
"19","종합유원시설업","03_07_12_P","4890000","CDFI5271002017000001","2017-07-03","","03","폐업","03","폐업","2021-01-27","","","","061-850-5955","","","전라남도 보성군 회천면 동율리 678","전라남도 보성군 회천면 우암길 8","59471","율포해수풀장","2021-01-28 09:02:51","U","2021-01-30 02:40:00","","208030.623632084","130184.873787471","허가유원시설업","","근린상업지역","1","기타","","","근린생활시설","","","","","","","","","","","","","","3080","안전성검사 대상 : 6종 6개, 안전성검사 비대상 : 2종 9개","1","Y","Y","Y","Y","","","","","","","3080",
"20","종합유원시설업","03_07_12_P","3670000","CDFI5271002005000002","2005-01-10","","03","폐업","03","폐업","2012-06-22","","","","","","305-340","대전광역시 유성구 도룡동 3-1번지","대전광역시 유성구 대덕대로 480 (도룡동)","305-733","꿈돌이랜드","2012-06-25 09:37:47","I","2018-08-31 23:59:59","","234414.00794623","319679.535632277","허가유원시설업","유원시설업","자연녹지지역","","기타","","","","","","","","","","","","","","","","","","","","N","N","N","N","","","","","","","",
"21","종합유원시설업","03_07_12_P","3650000","CDFI5271001987000001","1987-05-27","","03","폐업","03","폐업","2008-01-16","","","","255-3751","","301-846","대전광역시 중구 대사동 190-1번지","","","보문레저타운","2008-01-16 14:36:27","I","2018-08-31 23:59:59","","237925.608301014","312145.629296545","허가유원시설업","유원시설업","","","","","","","","","","","","","","","","","","","","592.12","총14종","","Y","Y","Y","Y","","","","","","","592",
"22","종합유원시설업","03_07_12_P","3280000","CDFI5271001988000001","1988-05-26","","03","폐업","03","폐업","2008-05-18","","","","405-0043","","606-080","부산광역시 영도구 동삼동 산 14-21번지","","","자유랜드","2008-05-28 17:34:49","I","2018-08-31 23:59:59","","389684.813829116","175494.397527463","허가유원시설업","유원시설업","","","","","","","","","","","","","","","","","","","","18650","고정식8종, 주행식4종, 스포츠관람4종","","Y","Y","Y","Y","","","","","","","18650",
"23","종합유원시설업","03_07_12_P","5410000","CDFI5271001984000001","1984-07-13","","03","폐업","03","폐업","2017-07-19","","","","055-536-6331~9","","635-891","경상남도 창녕군 부곡면 거문리 195-7번지","경상남도 창녕군 부곡면 온천중앙로 77","50365","제일흥업(주)부곡하와이실외유기장","2017-07-21 18:20:12","I","2018-08-31 23:59:59","","344551.44266931","216592.13747984","허가유원시설업","유원시설업","","","","","","","","","","","","","","","","","","","","","","","Y","Y","Y","Y","","","","","","","",
"24","종합유원시설업","03_07_12_P","4010000","CDFI5271002000000001","2000-08-19","","03","폐업","03","폐업","2009-10-13","","","","318-0300","","429-834","경기도 시흥시 월곶동 995번지","경기도 시흥시 월곶중앙로30번길 7  (월곶동)","","마린월드","2009-10-14 11:56:43","I","2018-08-31 23:59:59","","177053.031819666","431885.619175946","허가유원시설업","유원시설업","","","","","","","","","","","","","","","","","","","","","","","N","N","N","N","","","","","","","",
"25","종합유원시설업","03_07_12_P","4701000","CDFI5271001993000001","1993-05-03","","03","폐업","03","폐업","","","","","","","590-100","전북특별자치도 남원시 어현동 37-140","전북특별자치도 남원시 양림길 58-13 (어현동)","","남원랜드","2014-04-22 11:46:34","I","2024-01-19 01:16:45","","235576.052370162","211603.276472952","허가유원시설업","유원시설업","자연녹지지역","0","기타","","","","0","0","0","0","","","0","0","","0","0","","0","1842","","10","Y","Y","Y","Y","","","0","","","","1842",
"26","종합유원시설업","03_07_12_P","4711000","CDFI5271002000000001","2000-01-13","","03","폐업","03","폐업","2011-04-12","","","","","","576-110","전북특별자치도 김제시 상동동 474-3","전북특별자치도 김제시 상동로 166 (상동동)","576-110","주)스파월드","2012-01-19 09:38:08","I","2024-01-19 01:16:45","","193269.282176613","259049.26814583","허가유원시설업","유원시설업","","0","","","","","0","0","0","0","","","0","0","","0","0","","0","0","","0","N","N","N","N","","","0","","","","0",
"27","종합유원시설업","03_07_12_P","3080000","CDFI5271001987000001","1987-04-25","","03","폐업","03","폐업","2008-03-14","","","","982-6800","","142-861","서울특별시 강북구 번동 산 28-6번지","","","(주)서울드림랜드","2008-03-19 11:25:12","I","2018-08-31 23:59:59","","","","허가유원시설업","유원시설업","","","","","","","","","","","","","","","","","","","","","","","N","N","N","N","","","","","","","",
"28","종합유원시설업","03_07_12_P","3470000","CDFI5271001995000001","1995-03-02","","01","영업/정상","13","영업중","","","","","053-620-0001","","704-060","대구광역시 달서구 두류동 산 302-11","대구광역시 달서구 두류공원로 200 (두류동)","42666","이월드","2024-04-18 09:36:03","U","2024-04-20 02:40:00","","341301.55473492","262585.135012198","허가유원시설업","유원시설업","자연녹지지역","0","","","","유기장","1","0","0","0","","","0","0","","0","0","","0","37386.08","안전성검사대상 28종, 안전성검사비대상: 4종  ※운행중지신청(레인저, 탑스핀,스카이점프)","33","Y","Y","Y","Y","","","0","","","","37386",
"29","종합유원시설업","03_07_12_P","3330000","CDFI5271002023000001","2023-06-30","","01","영업/정상","13","영업중","","","","","051-954-8840","","","부산광역시 해운대구 중동 1829 엘시티","부산광역시 해운대구 달맞이길 30, 포디움동 3,4층 (중동, 엘시티)","48099","클럽디오아시스(CLUBD OASIS) 스파&워터파크","2023-06-30 12:37:47","I","2023-07-02 00:19:39","","397540.467298187","186751.661439715","허가유원시설업","","주거지역","0","아파트지역","","","기타","0","0","0","0","","","0","0","","0","0","","0","13480.18","안전성 검사 대상 6종","0","Y","","Y","Y","","","0","","","","13480",
"30","종합유원시설업","03_07_12_P","5080000","CDFI5271001993000001","1993-05-13","","01","영업/정상","13","영업중","","","","","451-8500","","730-050","경상북도 구미시 남통동 253","경상북도 구미시 금오산로 341 (남통동)","39309","금오랜드","2024-01-10 10:43:24","U","2024-01-13 02:40:00","","318445.839664313","291069.775747888","허가유원시설업","유원시설업","주거지역","0","학교정화(상대)","","","전문하숙집","0","0","0","0","","","0","0","","0","0","","0","10654.49","안전성검사대상 16종 37대, 비검사대상 2종 13대","37","Y","Y","","Y","","","0","","","","10654",
"31","종합유원시설업","03_07_12_P","4490000","CDFI5271001997000001","1997-12-10","","01","영업/정상","13","영업중","","","","","041-560-9114","","330-882","충청남도 천안시 동남구 수신면 장산리 669-1","충청남도 천안시 동남구 수신면 수신로 576","31251","상록랜드","2023-10-11 10:56:17","U","2023-10-13 02:40:00","","225693.408769383","359978.556735502","허가유원시설업","유원시설업","","0","","","","","0","0","0","0","","","0","0","","0","0","","0","0","","0","N","N","N","N","","","0","","","","0",
"32","종합유원시설업","03_07_12_P","4490000","CDFI5271002010000001","2010-06-26","","01","영업/정상","13","영업중","","","","","070-7433-3150","","330-891","충청남도 천안시 동남구 성남면 용원리 672","충청남도 천안시 동남구 성남면 종합휴양지로 200","31246","소노벨 천안","2024-02-29 15:26:23","U","2024-03-02 02:40:00","","219889.551999241","361773.964317459","허가유원시설업","","","0","","","","","0","0","0","0","","","0","0","","0","0","","0","0","6종","0","Y","Y","Y","Y","","","0","","","","0",
"33","종합유원시설업","03_07_12_P","4520000","CDFI5271002008000002","2008-07-21","","01","영업/정상","13","영업중","","","","","041-539-2000","","336-862","충청남도 아산시 음봉면 신수리 288-0006","충청남도 아산시 음봉면 아산온천로157번길 67","31442","(주)금호리조트아산스파비스","2021-08-10 16:42:27","U","2021-08-12 02:40:00","","198208.523005515","372691.338447433","허가유원시설업","유원시설업","관리지역","2","기타","","","근린생활시설","1","1","","","","","","","","","","","","16831","안전성검사대상 7종7대, 비검사대상 5종9대","","Y","Y","Y","Y","","","","","","","16831",
"34","종합유원시설업","03_07_12_P","4510000","CDFI5271002013000001","2013-07-15","","01","영업/정상","13","영업중","","","","","041-930-2100","","355-944","충청남도 보령시 신흑동 1945","충청남도 보령시 대해로 876 (신흑동)","","호텔마스타 대천","2023-09-19 17:06:22","U","2023-09-21 02:40:00","","156677.986783147","311919.423476203","허가유원시설업","","","10","","","","유기장","9","1","","","","","","","","","","","","","9종 9대","","Y","Y","Y","Y","","","","","","","",
"35","종합유원시설업","03_07_12_P","4050000","CDFI5271001976000001","1976-04-17","","01","영업/정상","13","영업중","","","","","320-8466","","449-815","경기도 용인시 처인구 포곡읍 전대리 310","경기도 용인시 처인구 포곡읍 에버랜드로 199","17023","에버랜드","2024-04-16 14:05:40","U","2024-04-18 02:40:00","","219138.424611781","420903.964757574","허가유원시설업","유원시설업","자연녹지지역","5","기타","","","근린생활시설","4","1","0","0","","","0","0","","0","0","","0","6211","54대/36종","0","Y","Y","Y","Y","","","0","","","","6211",
"36","종합유원시설업","03_07_12_P","4050000","CDFI5271001996000001","1996-07-11","","01","영업/정상","13","영업중","","","","","320-8261","","449-715","경기도 용인시 처인구 포곡읍 유운리 554-1","경기도 용인시 처인구 포곡읍 에버랜드로 199","17023","캐리비안베이","2024-04-29 17:06:58","U","2024-05-01 02:40:00","","217741.444948072","421748.894174091","허가유원시설업","유원시설업","자연녹지지역","5","기타","","","근린생활시설","4","1","0","0","","","0","0","","0","0","","0","9556","24기종 34시설","34","Y","Y","Y","Y","","","0","","","","9556",
"37","종합유원시설업","03_07_12_P","4050000","CDFI5271001997000001","1997-05-01","","01","영업/정상","13","영업중","","","","","031-286-2111","","446-730","경기도 용인시 기흥구 보라동 107","경기도 용인시 기흥구 민속촌로 90 (보라동)","17075","한국민속촌 가족공원","2023-11-14 18:16:09","U","2023-11-16 02:40:00","","210744.880594136","417432.190644381","허가유원시설업","유원시설업","","0","","","","","0","0","0","0","","","0","0","","0","0","","0","9586","12기종","0","Y","Y","Y","Y","","","0","","","","9586",
"38","종합유원시설업","03_07_12_P","6510000","CDFI5271002019000001","2019-04-01","","01","영업/정상","13","영업중","","","","","1833-9810","","","제주특별자치도 제주시 애월읍 어음리 산 131","제주특별자치도 제주시 애월읍 천덕로 880-24, 애월스마트테마파크","63038","9.81 PARK JEJU","2023-11-01 10:31:10","U","2023-11-03 02:40:00","","","","허가유원시설업","","","0","","","","","0","0","0","0","","","0","0","","0","0","","0","0","안전성검사 대상 봅슬레이 10종 180대, 범퍼카 1종 25대 / 확인검사 대상 미니시뮬레이션 2종 3대","0","Y","Y","Y","Y","","","0","","","","0",
"39","종합유원시설업","03_07_12_P","5050000","CDFI5271002003000001","2003-03-03","","01","영업/정상","13","영업중","","","","","070-7113-6133","","780-270","경상북도 경주시 천군동 191-5","경상북도 경주시 보문로 544 (천군동)","38117","경주월드주식회사 (경주지점)","2023-10-30 19:55:15","U","2023-11-01 02:40:00","","406125.268953932","262026.156851081","허가유원시설업","유원시설업","자연녹지지역","0","기타","","","기타","0","0","0","0","","","0","0","","0","0","","0","0","놀이공원[안전성 27종 122, 확인검사 1종 12기] 워터파크[안전성9종 12기]","38","Y","Y","Y","Y","","","0","","","","0",
"40","종합유원시설업","03_07_12_P","5050000","CDFI5271002011000001","2011-06-17","","01","영업/정상","13","영업중","","","","","054-778-9027","","","경상북도 경주시 천군동 산 31","경상북도 경주시 보불로 391 (천군동, 디아너스C.C.골프클럽)","38118","블루원 워터파크","2023-12-19 15:43:18","U","2023-12-21 02:40:00","","407931.134653293","261109.344294725","허가유원시설업","","","0","","","","","0","0","0","0","","","0","0","","0","0","","0","0","안전성검사대상 15종-15개, 확인검사 13종-13개","28","","","","","","","0","","","","0",
"41","종합유원시설업","03_07_12_P","4040000","CDFI5271002016000001","2016-09-07","","01","영업/정상","13","영업중","","","","","031-8072-8802","","","경기도 하남시 신장동 616","경기도 하남시 미사대로 750 (신장동, 스타필드하남)","12942","아쿠아필드 하남","2024-01-26 14:34:14","U","2024-01-28 02:40:00","","219699.010520355","449270.371200837","허가유원시설업","","","3","","","","","3","0","0","0","","","0","0","","0","0","","0","12937.83","6종(바디슬라이더4, 유수풀2)","1","Y","Y","Y","Y","","","0","","","","12938",
"42","종합유원시설업","03_07_12_P","4060000","CDFI5271002003000001","2003-04-24","","01","영업/정상","13","영업중","","","","","031-945-2250","","","경기도 파주시 조리읍 장곡리 420-6 하니랜드놀이동산","경기도 파주시 조리읍 장곡로 218, 하니랜드놀이동산","10940","하니랜드","2022-12-06 15:54:02","U","2022-12-08 02:40:00","","185481.551701464","471999.418699215","허가유원시설업","유원시설업","","0","","","","","0","0","0","0","","","0","0","","0","0","","0","0","30종97대","0","Y","Y","Y","Y","","","0","","","","0",
"43","종합유원시설업","03_07_12_P","5700000","CDFI5271002013000001","2013-07-12","","01","영업/정상","13","영업중","","","","","031-880-3820","","","경기도 여주시 연양동 414","경기도 여주시 강변유원지길 45 (연양동, 선밸리호텔)","12634","주식회사 썬밸리","2023-07-29 11:10:55","U","2023-07-31 02:40:00","","258476.005943628","421419.876906884","허가유원시설업","","자연녹지지역","12","기타","","","호텔","12","2","0","0","","","0","0","","0","0","","0","11494.87","안전성검사대상 6종, 안전성검사 미대상 12종","0","Y","Y","Y","Y","","","0","","","","11495",
"44","종합유원시설업","03_07_12_P","4810000","CDFI5271002019000004","2019-07-05","","01","영업/정상","13","영업중","","","","","061-808-5846","","","전라남도 여수시 소라면 죽림리 116","전라남도 여수시 소라면 안심산길 155","59660","유월드루지테마파크","2023-12-06 17:20:49","U","2023-12-09 02:40:00","","258706.738829614","139233.410912059","허가유원시설업","","자연녹지지역","6","기타","","","","5","1","0","0","","","0","0","","0","0","","0","144789","17종 33대","18","Y","Y","Y","Y","","","0","","","","144789",
"45","종합유원시설업","03_07_12_P","4261000","CDFI5271002020000004","2020-07-23","","01","영업/정상","13","영업중","","","","","","","","강원특별자치도 횡성군 둔내면 두원리 204 웰리힐리파크","강원특별자치도 횡성군 둔내면 고원로 451, 웰리힐리파크","25263","웰리힐리파크 워터플래닛","2020-09-17 16:29:58","I","2023-06-13 00:00:00","","310506.755038668","443916.785022628","허가유원시설업","","","3","기타","","","체육시설","2","1","0","0","","","0","0","","0","0","","0","0","만타슬라이드 외13종","0","Y","","Y","Y","","","0","","","","0",
"46","종합유원시설업","03_07_12_P","4261000","CDFI5271002020000006","2020-07-25","","01","영업/정상","13","영업중","","","","","","","","강원특별자치도 횡성군 둔내면 두원리 204 웰리힐리파크","강원특별자치도 횡성군 둔내면 고원로 451, 웰리힐리파크","25263","웰리힐리파크 워터플래닛","2020-07-25 09:03:14","I","2023-06-13 00:00:00","","310506.755038668","443916.785022628","허가유원시설업","","관리지역","3","기타","","","체육시설","2","1","0","0","","","0","0","","0","0","","0","0","만타 슬라이드 외13종","0","Y","Y","Y","Y","","","0","","","","0",
"47","종합유원시설업","03_07_12_P","4181000","CDFI5271001985000001","1985-05-02","","01","영업/정상","13","영업중","","","","","252-7226","","200-140","강원특별자치도 춘천시 사농동 61-2","강원특별자치도 춘천시 영서로 2965 (사농동)","24235","육림랜드","2023-05-08 10:39:54","I","2023-06-13 00:00:00","","263264.191558109","490923.825564978","허가유원시설업","유원시설업","녹지지역","0","","","","","0","0","0","0","","","0","0","","0","0","","0","11446.4","7종","0","Y","Y","Y","Y","","","0","","","","11446",
"48","종합유원시설업","03_07_12_P","4181000","CDFI5271002022000001","2022-03-31","","01","영업/정상","13","영업중","","","","","033-815-2300","","","강원특별자치도 춘천시 중도동 603","강원특별자치도 춘천시 하중도길 128 (중도동)","24240","레고랜드코리아","2024-04-23 18:03:15","U","2024-04-25 02:40:00","","261196.14804155","486795.908265274","허가유원시설업","","","0","","","","","0","0","0","0","","","0","0","","0","0","","0","28231.18","25","0","Y","Y","Y","Y","","","0","","","","28231",
"49","종합유원시설업","03_07_12_P","4281000","CDFI5271002008000002","2008-07-03","","01","영업/정상","13","영업중","","","","","","","","강원특별자치도 평창군 대관령면 용산리 130 용평피크아일랜드","강원특별자치도 평창군 대관령면 올림픽로 715, 용평리조트","25352","용평피크아일랜드","2022-11-09 14:58:04","I","2023-06-13 00:00:00","","348259.144297804","461699.273918606","허가유원시설업","유원시설업","관리지역","4","기타","","","유기장","4","1","0","0","","","0","0","","0","0","","0","16000","","0","","","","","","","0","","","","16000",
"50","종합유원시설업","03_07_12_P","4281000","CDFI5271002010000001","2010-07-20","","01","영업/정상","13","영업중","","","","","","","","강원특별자치도 평창군 대관령면 용산리 425 알펜시아 리조트 오션700","강원특별자치도 평창군 대관령면 솔봉로 325, 알펜시아 리조트","25351","오션700","2023-07-17 09:10:29","U","2023-07-19 02:40:00","","345786.815844836","462590.554819645","허가유원시설업","","","0","","","","","0","0","0","0","","","0","0","","0","0","","0","0","토네이도 슬라이드, 카멜슬라이드,바디슬라이드,튜브슬라이드,유수풀,파도풀,아쿠아플레이어","0","Y","Y","Y","Y","","","0","","","","0",
"51","종합유원시설업","03_07_12_P","4241000","CDFI5271002014000001","2014-09-26","","01","영업/정상","13","영업중","","","","","550-7788","","245-903","강원특별자치도 삼척시 도계읍 심포리 231-3","강원특별자치도 삼척시 도계읍 심포남길 99","25952","(주)하이원추추파크","2023-12-05 14:43:10","U","2023-12-07 02:40:00","","","","허가유원시설업","","관리지역","4","기타","","","숙박시설","2","2","0","0","","","0","0","","0","0","","0","719149","레일바이크 A · B, 미니트레인 C · D, 관람차, 회전목마, UFO스윙","0","Y","Y","Y","Y","","","0","","","","719149",
"52","종합유원시설업","03_07_12_P","4291000","CDFI5271002018000001","2018-06-29","","01","영업/정상","13","영업중","","","","","0335906849","","","강원특별자치도 정선군 사북읍 사북리 산 155-58 하이원 워터월드","강원특별자치도 정선군 사북읍 하이원길 175, 하이원 워터월드","26154","하이원 워터월드","2024-04-25 14:10:12","U","2024-04-27 02:40:00","","361192.676771488","413952.039713274","허가유원시설업","","관리지역","5","기타","","","기타","3","2","0","0","","","0","0","","0","0","","0","27238","","16","Y","Y","Y","Y","","","0","","","","27238",
"53","종합유원시설업","03_07_12_P","6520000","CDFI5271002017000002","2017-08-25","","01","영업/정상","13","영업중","","","","","064-908-3325","","","제주특별자치도 서귀포시 안덕면 서광리 산 35-16","제주특별자치도 서귀포시 안덕면 신화역사로304번길 98","63521","신화테마파크","2023-06-28 17:38:44","U","2023-06-30 02:40:00","","135832.360849049","-20907.8370467928","허가유원시설업","","관리지역","0","","","","기타","0","0","0","0","","","0","0","","0","0","","0","0","안전성검사: 10종 11대 / 확인검사: 6종 20대","0","Y","Y","Y","Y","","","0","","","","0",
"54","종합유원시설업","03_07_12_P","6520000","CDFI5271002018000003","2018-07-19","","01","영업/정상","13","영업중","","","","","064-908-6000","","","제주특별자치도 서귀포시 안덕면 서광리 산 35-16","제주특별자치도 서귀포시 안덕면 신화역사로304번길 98","63521","신화워터파크","2024-04-30 13:24:03","U","2024-05-02 02:40:00","","135832.360849049","-20907.8370467928","허가유원시설업","","관리지역","0","","","","기타","0","0","0","0","","","0","0","","0","0","","0","0","","0","Y","Y","Y","Y","","","0","","","","0",
"55","종합유원시설업","03_07_12_P","3400000","CDFI5271002022000001","2022-03-15","","01","영업/정상","13","영업중","","","","","","","","부산광역시 기장군 기장읍 시랑리 산 46","부산광역시 기장군 기장읍 동부산관광로 42","46083","롯데월드 어드벤처 부산","2024-03-20 13:22:44","U","2024-03-22 02:40:00","","401648.172377821","190623.521052889","허가유원시설업","","자연녹지지역","0","기타","","","기타","0","0","0","0","","","0","0","","0","0","","0","0","","0","Y","Y","Y","Y","","","0","","","","0",
"56","종합유원시설업","03_07_12_P","4251000","CDFI5271002014000001","2014-12-23","","01","영업/정상","13","영업중","","","","","033-439-8308","","","강원특별자치도 홍천군 서면 팔봉리 1289 대명비발디파크","강원특별자치도 홍천군 서면 한치골길 264, 대명비발디파크","25102","(주)소노인터내셔널 오션월드","2024-04-24 13:38:00","U","2024-04-26 02:40:00","","260132.088814104","460528.355366015","허가유원시설업","","관리지역","4","기타","","","근린생활시설","3","1","0","0","","","0","0","","0","0","","0","7830.87","20종 21대","0","Y","Y","Y","Y","","","0","","","","7831",
"57","종합유원시설업","03_07_12_P","4231000","CDFI5271001984000001","1984-05-04","","01","영업/정상","13","영업중","","","","","033-635-7711","","","강원특별자치도 속초시 장사동 24-9","강원특별자치도 속초시 미시령로2983번길 88 (장사동)","24801","한화리조트(주) 설악워터피아","2023-02-17 07:34:41","I","2023-06-13 00:00:00","","333861.329823747","523878.780261004","허가유원시설업","유원시설업","관리지역","1","기타","","","기타","1","0","0","0","","","0","0","","0","0","","0","23838","안전성검사 대상 11종","0","Y","Y","Y","Y","","","0","","","","23838",
"58","종합유원시설업","03_07_12_P","4231000","CDFI5271002017000002","2017-12-29","","01","영업/정상","13","영업중","","","","","033-634-1000","","","강원특별자치도 속초시 대포동 908-1 롯데리조트속초","강원특별자치도 속초시 대포항길 186, 롯데리조트속초 (대포동)","24900","롯데리조트 속초 워터파크","2024-04-24 19:07:59","U","2024-04-26 02:40:00","","341368.867554951","521043.560941235","허가유원시설업","","","0","","","","","0","0","0","0","","","0","0","","0","0","","0","0","6","0","Y","Y","Y","Y","","","0","","","","0",
"59","종합유원시설업","03_07_12_P","4810000","CDFI5271002006000001","2006-06-23","","01","영업/정상","13","영업중","","","","","061)689-861","","","전라남도 여수시 소호동 923 일원","전라남도 여수시 소호로 295 (소호동, 디오션리조트)","59670","에이치제이디오션리조트 주식회사","2024-04-22 13:42:16","U","2024-04-24 02:40:00","","258834.529851978","137421.041862657","허가유원시설업","유원시설업","자연녹지지역","4","기타","","","콘도미니엄","0","4","0","0","","","0","0","","0","0","","0","0","","14","Y","Y","Y","Y","","","0","","","","0",
"60","종합유원시설업","03_07_12_P","4830000","CDFI5271002007000001","2007-06-13","","01","영업/정상","13","영업중","","","","","061-339-5000","","520-862","전라남도 나주시 다도면 방산리 산 219-1","","","중흥골드스파&리조트","2023-10-31 10:50:30","U","2023-11-02 02:40:00","","","","허가유원시설업","유원시설업","관리지역","","기타","","","유기장","","","","","","","","","","","","","","16819","","11","","","","","","","","","","","16819",
"61","종합유원시설업","03_07_12_P","4900000","CDFI5271002018000001","2018-03-27","","01","영업/정상","13","영업중","","","","","","","","전라남도 화순군 도곡면 대곡리 1004-1","전라남도 화순군 도곡면 지석로 1202-7","58155","테마파크 소풍","2022-10-20 19:43:34","U","2022-10-22 02:40:00","","193259.2799136","166343.978282413","허가유원시설업","","","","","","","","","","","","","","","","","","","","","","안전성 검사대상 6종, 비안전성 검사대상 2종","","","","","","","","","","","","",
"62","종합유원시설업","03_07_12_P","3650000","CDFI5271002002000001","2002-05-02","","01","영업/정상","13","영업중","","","","","042-580-4710","","","대전광역시 중구 사정동 100","대전광역시 중구 사정공원로 70 (사정동, 대전동물원)","35073","대전오월드","2024-03-21 12:55:02","U","2024-03-23 02:40:00","","235868.977826567","309797.481100569","허가유원시설업","유원시설업","자연녹지지역","0","기타","","","문화시설","0","0","0","0","","","0","0","","0","0","","0","0","총42종 (안전성검사대상19종, 안전성검사비대상23종)","0","Y","Y","Y","Y","","","0","","","","0",
"63","종합유원시설업","03_07_12_P","5670000","CDFI5271002024000001","2024-02-22","","01","영업/정상","13","영업중","","","","","","","","경상남도 창원시 마산합포구 구산면 반동리 산 105","경상남도 창원시 마산합포구 구산면 로봇랜드로 250","51784","로봇랜드","2024-04-22 13:59:51","U","2024-04-24 02:40:00","","344743.524516434","176487.884974415","허가유원시설업","","관리지역","4","","","","","4","0","0","0","","","0","0","","0","0","","0","0","안전성검사 대상 26종, 확인검사 대상 2종","0","Y","Y","Y","Y","","","0","","","","0",
"64","종합유원시설업","03_07_12_P","5350000","CDFI5271001991000001","1991-10-05","","01","영업/정상","13","영업중","","","","","055-346-6000","","621-190","경상남도 김해시 삼방동 산 123","경상남도 김해시 인제로 368 (삼방동)","621-190","가야랜드","2024-03-08 09:58:33","U","2024-03-10 02:40:00","","373037.22582818","197521.155073196","허가유원시설업","유원시설업","자연녹지지역","0","","","","","0","0","0","0","","","0","0","","0","0","","0","3131.07","fax)055-346-9900","20","Y","Y","Y","Y","","","0","","","","3131",
"65","종합유원시설업","03_07_12_P","5370000","CDFI5271002013000001","2013-06-12","","01","영업/정상","13","영업중","","","","","","","656-892","경상남도 거제시 일운면 소동리 115","경상남도 거제시 일운면 거제대로 2660","53326","오션어드벤처","2024-04-25 09:20:39","U","2024-04-27 02:40:00","","355727.353999581","150751.730718341","허가유원시설업","","자연녹지지역","28","","","","콘도미니엄","28","4","","","","","","","","","","","","14526","9종(부메랑고, 웨이브 슬라이드, 바디슬라이드, 익스트림리버, 트위스터 슬라이드, 파도풀, 워터플렉스, 유수풀, 키즈슬라이드","","Y","Y","Y","Y","","","","","","","14526",
"66","종합유원시설업","03_07_12_P","4810000","CDFI5271002008000002","2008-07-23","","01","영업/정상","13","영업중","","","","","1588-0377","","555-060","전라남도 여수시 소호동 923","전라남도 여수시 소호로 295 (소호동)","59670","에이치제이디오션리조트 주식회사","2024-04-29 13:12:55","U","2024-05-01 02:40:00","","258834.529851978","137421.041862657","허가유원시설업","유원시설업","자연녹지지역","5","기타","","","환경위생시설","4","1","0","0","","","0","0","","0","0","","0","28567","","0","Y","","Y","Y","","","0","","","","28567",
"67","종합유원시설업","03_07_12_P","3970000","CDFI5271002003000001","2003-04-09","","01","영업/정상","13","영업중","","","","","02-509-6000","","427-080","경기도 과천시 막계동 33","경기도 과천시 광명로 181 (막계동)","13829","(주)서울랜드","2024-03-12 19:16:55","U","2024-03-14 02:40:00","","202115.827740088","437231.67242479","허가유원시설업","유원시설업","","0","","","","","0","0","0","0","","","0","0","","0","0","","0","234709","안전선검사대상 유기기구 36종, 안전성비검사대상 유기기구 24종","0","N","N","N","N","","","0","","","","234709",
"68","종합유원시설업","03_07_12_P","3040000","CDFI5271002021000001","2021-03-26","","01","영업/정상","13","영업중","","","","","02-450-9311","","","서울특별시 광진구 능동 18 어린이대공원","서울특별시 광진구 능동로 216, 어린이대공원 (능동)","04991","구미산업개발(주) 서울어린이대공원 놀이동산지점","2024-01-22 10:05:15","U","2024-01-24 02:40:00","","207139.204095368","449705.67643744","허가유원시설업","","","0","","","","","0","0","0","0","","","0","0","","0","0","","0","1560.72","안전성 검사 15개","15","Y","Y","Y","Y","","","0","","","","1561",
"69","종합유원시설업","03_07_12_P","3860000","CDFI5271002008000001","2008-08-08","","01","영업/정상","13","영업중","","","","","032-310-8171","","420-030","경기도 부천시 원미구 상동 572-1","경기도 부천시 원미구 조마루로 2 (상동)","14592","웅진플레이도시","2024-03-18 14:06:35","U","2024-03-20 02:40:00","","177375.852950927","444220.013600334","허가유원시설업","유원시설업","자연녹지지역","7","기타","","","체육시설","4","3","0","0","","","0","0","","0","0","","0","13246","다용도풀(파도풀), 수로풀, 스페이스트렉1, 어린이슬라이드, 아쿠아플레이, 스페이스트렉2, 스페이스볼, 바디슬라이드, 라이드하우스","9","Y","Y","Y","Y","","","0","","","","13246",
"70","종합유원시설업","03_07_12_P","3620000","CDFI5271002003000001","2003-03-21","","01","영업/정상","13","영업중","","","","","062-607-8000","","500-240","광주광역시 북구 생용동 138","광주광역시 북구 우치로 677 (생용동)","61028","광주패밀리랜드(주)","2024-04-18 09:37:57","U","2024-04-20 02:40:00","","189939.238971098","191422.862247767","허가유원시설업","유원시설업","","0","","","","","0","0","0","0","","","0","0","","0","0","","0","0","안전성검사대상 24종 242대, 비검사대상 14종 26대","0","Y","N","Y","Y","","","0","","","","0",
"71","종합유원시설업","03_07_12_P","3230000","CDFI5271001999000001","1989-07-08","","01","영업/정상","13","영업중","","","","","411-2223","","138-220","서울특별시 송파구 잠실동 40-1","서울특별시 송파구 올림픽로 240 (잠실동)","05554","(주)롯데월드어드벤처","2024-03-05 14:19:14","U","2024-03-07 02:40:00","","208589.363343145","445455.90405262","허가유원시설업","유원시설업","상업지역","0","기타","","","기타","6","4","0","0","","","0","0","","0","0","","0","0","검사대상 42종 43대, 검사비대상 24종 35대","0","Y","Y","Y","Y","","","0","","","","0",
"72","종합유원시설업","03_07_12_P","3230000","CDFI5271002017000001","2017-03-29","","01","영업/정상","13","영업중","","","","","6925-2900","","","서울특별시 송파구 문정동 618 202동","서울특별시 송파구 송파대로 111, 202동 지하1,2층 (문정동, 파크하비오)","05837","워터킹덤","2024-01-05 16:09:34","U","2024-01-07 02:40:00","","210868.397496689","442053.227933005","허가유원시설업","","일반상업지역","3","기타","","","","1","2","0","0","","","0","0","","0","0","","0","0","안전성검사대상 9종9대, 안전성검사비대상 3종5대","0","Y","Y","Y","Y","","","0","","","","0",
"73","종합유원시설업","03_07_12_P","3940000","CDFI5271002013000001","2013-05-03","","01","영업/정상","13","영업중","","","","","031-961-6107","","411-410","경기도 고양시 일산서구 대화동 2606","경기도 고양시 일산서구 한류월드로 300 (대화동)","411-410","(주)원마운트","2024-04-29 14:53:25","U","2024-05-01 02:40:00","","178268.135568909","462480.734362689","허가유원시설업","","일반상업지역","11","기타","","","체육시설","9","2","0","0","","","0","0","","0","0","","0","29679.15","","0","Y","Y","Y","Y","","","0","","","","29679",
"74","종합유원시설업","03_07_12_P","4510000","CDFI5271002007000001","2007-08-08","2013-05-10","04","취소/말소/만료/정지/중지","30","허가취소","","","","","041)939-9000","","355-944","충청남도 보령시 신흑동 1945번지","충청남도 보령시 대해로 876  (신흑동)","","레그랜드펀비치 호텔앤워터파크","2013-08-14 15:57:59","I","2018-08-31 23:59:59","","156677.986783147","311919.423476203","허가유원시설업","유원시설업","관리지역","10","유흥업소밀집지역","","","숙박시설","9","1","","","","","","","","","","","","13743.8","토랜스리버 외 13종","","Y","Y","Y","Y","","","","","","","13744",
"75","종합유원시설업","03_07_12_P","5670000","CDFI5271002002100001","2002-08-29","2013-03-14","04","취소/말소/만료/정지/중지","30","허가취소","","","","","055-223-9561~5","","631-866","경상남도 창원시 마산합포구 월영동 625","","","주식회사 가고파랜드","2013-03-14 17:41:40","I","2021-07-02 00:23:01","","344023.321997695","187796.462350639","허가유원시설업","유원시설업","자연녹지지역","1","기타","","","근린생활시설","3","","","","","","","","","","","","","","7종(25대) 1종(2대)","","Y","Y","Y","Y","","","","","","","",
"76","종합유원시설업","03_07_12_P","3280000","CDFI5271002007000001","2007-07-24","2007-08-20","04","취소/말소/만료/정지/중지","30","허가취소","","","","","","","606-806","부산광역시 영도구 동삼동 1125번지","부산광역시 영도구 해양로 435-1 (동삼동)","49111","월드카니발 부산","2016-02-25 17:53:56","I","2018-08-31 23:59:59","","389790.784583323","176920.169555611","허가유원시설업","유원시설업","자연녹지지역","","","","","","","","","","","","","","","","","","","66116","","","","","","","","","","","","","66116",
"77","종합유원시설업","03_07_12_P","3040000","CDFI5271001983000001","1983-12-07","2020-12-16","04","취소/말소/만료/정지/중지","30","허가취소","","","","","02-454-4442","","143-847","서울특별시 광진구 능동 18-0","서울특별시 광진구 능동로 216 (능동)","04991","어린이대공원놀이동산(주)","2020-12-21 17:10:32","U","2020-12-23 02:40:00","","207139.204095368","449705.67643744","허가유원시설업","유원시설업","","","기타","","","","","","","","","","","","","","","","","20000","안전성 검사대상 21종, 확인검사대상 9종","","Y","Y","Y","Y","","","","","","","20000",
"78","종합유원시설업","03_07_12_P","5710000","CDFI5271002001000001","2001-11-03","2013-12-16","04","취소/말소/만료/정지/중지","30","허가취소","","","","","223-5118","","360-191","충청북도 청주시 상당구 명암동 47-8번지","충청북도 청주시 상당구 명암로216번길 47 (명암동)","360-191","(주)청주드림랜드","2014-02-27 18:14:07","I","2018-10-04 11:12:49","","246490.470450325","350040.527926099","허가유원시설업","유원시설업","","","","","","","","","","","","","","","","","","","","","","","N","N","N","N","","","","","","","",
